{
    "mtx": [
        [
            1806.176360120401,
            0.0,
            1304.478355873225
        ],
        [
            0.0,
            1809.444431474399,
            963.3342616011497
        ],
        [
            0.0,
            0.0,
            1.0
        ]
    ],
    "dist": [
        [
            0.2648835014936622,
            -1.9694582508117224,
            0.001424466882451808,
            0.003843797220127519,
            3.861173325531737
        ]
    ]
}