{
    "R": [
        [
            0.9305866651597603,
            0.34668648010709596,
            -0.1175454939067773
        ],
        [
            -0.15070703076969638,
            0.6554494192376622,
            0.7400496265100017
        ],
        [
            0.3336103258345248,
            -0.6709653816196209,
            0.6622005792542156
        ]
    ],
    "T": [
        [
            -75.51958041191037
        ],
        [
            -36.3384584777879
        ],
        [
            403.53297317126544
        ]
    ]
}